relative_velocity,distance,sat_mass,debris_mass,collision_risk
10.588474873802856,5.125335023903442,5015.207896415754,670.213976544225,1
4.82384801182943,40.10199948281676,2054.32992676568,535.8222912955991,0
7.155582215578771,29.43039337816538,5258.506622696119,212.58262191488177,0
3.6300781915982343,39.39862645481926,1126.763952617474,485.42082848214153,0
13.325385447386665,47.64250424471308,696.9007773757731,128.05492573665808,0
12.682633184314714,47.00485319316427,4226.789357278891,238.5995840564361,0
10.998790089877387,47.8027239793095,9278.710836280177,655.8543488897373,0
14.836977457730608,29.74371889149265,5256.172538373449,399.22138185772303,0
5.543318431309534,39.28433451158691,2476.3888673772262,681.252420248726,0
2.6095161217463443,19.141954108359883,9399.785122433923,423.8803561909512,0
14.856508977195857,8.647727823111264,7725.986084685614,263.15542515386363,1
6.429546242809529,48.471175295271436,5779.014120487858,95.9362156212685,0
1.2366166732750883,19.15084895837966,6391.213538608227,613.0281175269267,0
9.758129884957812,44.34338727319097,5807.653298129039,297.2537508803389,0
3.230972616513931,33.94085928450631,1540.8344059627038,96.9384579985351,0
3.226572362182677,24.822189799772186,4826.24738317013,562.4999284200177,0
11.738185027966004,40.05149283953105,6278.749768132728,951.2656831663247,0
10.286196845401914,30.469623694770245,5109.858968962857,744.2701541373693,0
11.23217441302409,11.70822582604974,3795.027339349157,761.0918210789564,0
7.225586567546291,44.69595810628532,9927.074272085527,386.1060467107254,0
0.8097458293872624,37.82297831487298,2853.1770794120853,129.23405448445033,0
10.500188615311616,11.020974916800624,3044.7095162356864,652.7870757462329,0
11.494331680795703,7.055063872700151,274.9776319205936,546.3893042246739,1
12.326872652616338,5.704482465180068,8890.75795887614,31.198498499709263,1
13.05968445372849,14.473599412234119,1554.3425894421766,872.4026926341343,0
0.9536131517719872,31.91046933616342,8554.23334802708,377.6640309710344,0
7.58184030193762,23.05009029252474,9140.691018630108,47.01984795548825,0
5.11671386048781,24.539685891585904,9455.231891955642,258.07866771677243,0
3.412495505280277,14.394250258183359,2771.856595561869,905.913849772374,0
9.234101802894875,25.56526220843608,6259.304732345028,732.883516666753,0
0.5348061588056394,42.651188695414184,9588.191314571643,52.28221768654274,0
9.837214636865681,13.45044088730439,5993.61170943795,400.3786733235275,0
11.50687641139097,41.97228845109835,3247.342198380295,565.2118445290315,0
11.14939598692215,37.32683968579156,7005.842715801374,932.1750162144591,0
8.692827580575699,7.781780538392745,4343.988104287342,591.2606220326203,1
11.633457268776437,4.057853091170993,4154.303379744679,320.15149936969755,1
4.653342514293588,41.26679370770318,7406.446938972535,557.820676595229,0
7.3481986119455724,21.204018003940416,4487.15132520333,926.4321109563529,0
7.3798866823868,27.573927625119488,750.6585014667169,275.05023441525816,0
8.000609562669137,41.96204289164517,1180.6439326197483,849.4831410812781,0
12.63745915363142,18.44467245958788,9546.002115504614,79.62907186539437,0
10.086100757767907,44.74834729332595,4465.681760751125,643.8052414666191,0
10.57321746036294,25.261965001318565,6452.497869408107,961.8339131342542,0
2.1696441727818403,34.78099023596359,2991.9572744598613,630.7615655964186,0
12.63126680128173,45.09991392201505,220.0601499069873,312.89627677774223,0
3.4276734039446937,9.251406119646072,639.855338389387,281.70285647619005,1
6.6189852573124925,17.077573744078773,8962.325430134824,659.5020033716042,0
14.859231754073416,36.995296054157116,6637.381883727705,483.4926930456746,0
3.232977503937069,9.10437169761024,9210.289912509237,68.25413024964706,1
7.009476594563536,49.682020588303835,3918.6979701341907,809.5384569412046,0
1.3221611807970257,34.56014384036909,6351.516241826096,28.107878074505706,0
3.0271927426064327,31.881721831855454,9580.691848791615,934.0160462692681,0
3.6990050413933533,24.023705944930057,5963.501549173515,395.2926336157787,0
1.725547321803487,47.95419870938272,4670.074713501354,738.6842227409337,0
8.088912528237035,47.06396103857427,3465.276751089785,73.26173874360705,0
4.126924161180309,16.7207359294343,6214.596258346558,792.8174944655259,0
10.527703110329382,21.969433350127645,5440.953208796807,438.2735889156432,0
7.779480843215102,19.772780169390728,162.63647734832722,845.1683451732665,0
3.315152263259613,14.945720634379775,2194.291231566214,193.51544440559007,0
5.1951011380950645,48.890645082283584,3973.431224106467,0.24975382174507604,0
11.666166530629127,30.654746609261043,8552.619117161852,27.33431717035501,0
4.424044590701854,48.29252065040674,1328.246936503118,155.2281691724055,0
3.9623505820856098,16.999717679007716,3504.9983031086076,732.7758797251923,0
12.105850043075733,32.108714041579276,752.6895719786904,597.864145302999,0
8.623397491414556,32.196922223233486,3442.0251663847907,479.9034906785809,0
2.8321595068969496,41.42143487684276,3359.5267463703017,450.62789050043887,0
9.049234661505615,36.8589972576899,1954.4134997057035,404.45237725119347,0
2.890949721650238,28.016723180697408,1156.4436926895316,85.24027086942542,0
14.016186803468736,43.83506240676853,5829.707121248627,167.9036834952589,0
1.6488981565681864,12.857118056908998,6372.106257557399,268.8493558201208,0
1.8403906086808575,25.162934703459108,6713.937086256663,365.932806567009,0
10.972668698151558,48.57881642204794,2353.7772844479337,80.74218482533783,0
10.74908645617727,5.5115178810338685,7750.599692812383,433.62655305706767,1
10.495193231931337,3.787653611108703,102.35564762041913,157.7076796156951,1
8.815648756992603,41.27336191661002,5087.553265302723,150.97941437787014,0
4.150029429776489,27.78951897193524,962.5044682648203,993.3432001436303,0
7.036624770490199,11.349096895336624,143.44123521486802,113.13865397766848,0
13.337829490470185,12.305891614151824,9839.577330505377,782.5810408327916,0
5.883121495279006,18.551507780577577,3498.6327811553606,21.18464778373558,0
2.3695733750674073,12.640562506443567,6631.070598043734,22.63409302547214,0
12.815696141230193,18.657594143217825,6409.896566628386,558.2979614148009,0
6.334976362224138,34.78330142785259,2323.0164344305317,492.47331107722346,0
0.7174403570262184,5.203338856239885,7821.6559384534685,147.3795681696602,1
5.589524476266989,45.03492461895672,6002.03758435393,442.9548578265171,0
5.90019503608759,34.677847110778046,8177.570256718966,503.1462074348106,0
12.036913804932261,42.52480825811016,9584.657613899375,614.2745461199625,0
12.697677457311897,33.977386372583425,5637.838003620356,487.84504086606034,0
1.9576893140256948,3.5139486998746463,5182.846906293848,152.88373410188677,1
4.986007507529868,33.958473398433775,7785.84593292569,271.2601259517066,0
11.143199912901617,3.526535421848129,3522.7114695460173,418.4367486157946,1
3.78832715916566,44.06551778985054,2995.8293195168562,583.5971355969322,0
11.803026778517303,15.71693389500208,8816.822905904586,673.3768090491293,0
3.17152840112538,36.95599983394227,8259.862318259367,781.9567848540753,0
12.339484366717976,8.911596686601683,5286.640229511017,752.4857882070913,1
11.913683029998818,6.839658067736468,4003.857588213167,939.8449283437712,1
7.127211575839702,12.71289956104943,7069.1455936372095,501.6824118203543,0
13.085890937614165,32.09897454398717,6839.187548023976,921.1769193049344,0
10.414587452054583,35.657134469229824,9750.535359057329,964.6473639878864,0
10.403647054454538,8.548884186098402,3965.577702286783,400.86140737694535,1
1.7874247361864148,36.70478707888376,4398.258889987784,619.6225543543467,0
8.741927782053157,7.50459193715966,3053.356189694288,599.8762441414981,1
14.966091281571172,9.758456007401312,8333.719636724207,740.6564492024279,1
8.6885488315375,38.649794981656086,641.585279966188,562.1618878426366,0
7.76170593733187,36.98821398460621,2696.334986411023,399.09180078254025,0
8.672415996899478,23.96028483219096,7170.013790653694,593.2599196803855,0
5.830882347809636,24.239480858528875,5143.726768414607,237.1151695243923,0
1.0376624453869177,13.769219754524636,8405.917797718266,534.6373411117585,0
8.067972478866908,31.720565509328015,8190.653041375304,255.32642357398137,0
8.786858816601558,21.429619309505174,8277.89858547559,542.896507361194,0
9.262004685948675,7.4966507989709115,7876.924042649853,400.6581667594224,1
2.6356593758234648,46.30329659462471,1445.1305557848582,992.476586120992,0
12.521601638020964,34.28274304862012,2371.1932612018345,592.9578738123713,0
3.030789121642049,3.191441884673842,5465.242352329634,705.0384883893528,1
6.823304211285677,15.501899488987327,2809.6471155602067,970.0778055956522,0
2.902661824401118,45.38967069401646,6734.765865384315,454.99830287709875,0
11.10950219045291,43.55914127219872,9564.394188129438,673.8787645932899,0
4.19071670990208,9.945763859759197,3094.628018818003,43.50337123151649,1
9.194735093402963,49.56747041258606,1942.983362962466,207.23281169527058,0
11.093505991621806,42.21990618231399,7658.31520687743,801.6855343199502,0
2.745619308861688,21.334830231255815,5992.907654496092,705.8325327581579,0
12.063178609412448,34.783113779970726,799.9516345388956,752.3320870066708,0
1.5380146617014985,38.65026512998381,9643.130836360418,392.93261543915526,0
2.2148416000383566,15.841702625502935,406.93350401878257,4.819432359654723,0
12.525923805448226,14.86008145449446,3747.2054572389266,893.3286639648588,0
3.5254134975926608,3.0980572794487826,4709.402999738198,684.0669521107873,1
5.422505890609825,8.311882324120893,550.8328130009883,388.57119396173925,1
12.999095726372705,47.79876784249894,7117.194756680205,737.0335553093549,0
12.847255888932889,8.73974503263543,6481.029921991685,147.37201640857683,1
8.715830013402107,7.170198163783034,5811.075606010262,656.4299975656614,1
10.468536102255264,43.05014068416219,2046.613956387318,614.9117723093215,0
10.035609658893671,14.533690941732466,111.94037698016447,268.02009508544364,0
11.378479534064574,21.011924770519762,4326.867368705388,250.84911893682983,0
8.339087344547607,37.97104895375468,7608.2378683641,376.470746796981,0
8.292307737021474,32.739060464981804,1386.506774347862,931.6310316203304,0
10.751779106494256,25.56679092307347,6609.188878226495,217.35279639661636,0
2.2434382262866643,2.9480522465550134,2490.9126074891906,499.8376047855606,1
4.49870461112685,48.47404490901908,3127.366423374295,893.776685960731,0
7.953331765926162,25.938408864397744,2785.3565890548266,132.31674526564464,0
11.423943636471977,38.848158314049286,8000.30686791697,385.180008643846,0
13.609927802983377,26.03178076374492,3825.0498370071914,172.12461669544308,0
9.046889247208917,42.55371754358667,8974.1218131104,167.9364128122782,0
10.920833308951499,43.24032544879326,7886.0472852424255,459.5196954608115,0
14.620472882992264,3.38299346592731,2672.4395512404376,227.56695960807767,1
9.238133639219965,8.37832035153191,2957.9280660109007,107.45963198407186,1
3.561448138650342,5.389877140878999,6630.006653185243,577.2746694671056,1
7.067911256252673,13.939434266353008,8717.618796043955,11.868016494597832,0
3.5521665947493597,30.525004695188102,7460.616785680856,502.2335402550325,0
13.725098155859374,34.14657689862644,8829.390980543003,655.3298562652676,0
3.465887712645342,14.838194856945732,4715.210836424996,777.4373191517669,0
3.6497528207332555,20.222518377412296,8694.221515595005,951.2199734022196,0
2.72248342862492,15.667801250574609,9690.769547846894,347.4293289778941,0
11.180918502017809,40.72923603637464,1198.9377205101077,560.5588644357609,0
6.742615249044847,38.95875924571819,215.37012557658034,25.721496342035394,0
6.453199551081109,5.471816509079385,576.9253860010613,441.5436663915304,1
11.315303724893557,31.744647778935494,8556.198950632734,163.86146097798306,0
14.673881773317579,3.1127206566401044,351.5917006766193,750.7693682818912,1
7.130024661618153,47.87169467591167,1678.3105415895689,722.9645452641261,0
10.86334601596287,43.00804225093745,3701.137545140776,239.9864259198222,0
3.7604026641009574,39.049198738277624,3235.496365081445,645.8252466052857,0
5.284971328922503,31.675222018512823,9859.604724776555,482.8084207814722,0
10.632002225623676,46.326609740616,7357.411532246994,46.513079092982615,0
8.508836221112304,1.8366825972618277,2874.552218632023,93.86617999909262,1
8.053228436070736,28.61661175491712,3626.4458523042244,453.7225762634089,0
5.805910104171076,20.868219571944326,6203.710363281804,594.2435373785222,0
11.932564695074872,14.975566214907747,8058.018822534807,145.1940892017358,0
13.746120466193645,38.768657406165396,8637.033193794057,699.0712530505384,0
13.31382683012911,47.446399051174986,6189.379219780967,189.47886105499975,0
10.34504309033493,30.45985857188526,9916.350388548011,116.78611509404975,0
9.182935124204151,14.314557711815596,7921.251255882673,93.62508602931057,0
7.32641738496967,24.89478730374777,8759.453082793943,70.38934958423769,0
7.586122942091368,39.71372486708965,8266.54866481035,353.7608018530848,0
9.599196388477612,28.561652515937297,6213.388049595327,121.3407443987702,0
14.509905252071292,26.856415305029948,9509.615373883917,947.4352918602099,0
10.076478118894473,46.24416963482798,1634.528431124647,850.2748292655659,0
11.514549277975167,39.81174091753429,2737.5831671955057,419.1102816507932,0
11.602311301998636,45.39837441464311,7729.737191409792,775.4504494697233,0
1.0134742376734425,10.720765811805101,1686.8405257381412,344.950106770544,0
8.310425364871822,15.91673720062457,6186.518639699075,636.1179596203682,0
10.445073710212291,4.239168787970124,159.98621683853563,284.5992085697793,1
10.08272568020693,5.830571244492857,3249.1027477170865,91.25550590950687,1
2.2952881674827688,6.426178850331257,428.7536526848734,936.8761793700402,1
9.575610996397117,5.661872171331227,2011.0122625316153,861.7941435377261,1
1.3728459584536141,21.34285198974471,3033.639066325421,979.3184696449771,0
3.969869218929144,43.82328756676936,726.5283940237749,469.1144727701532,0
11.587702567105069,10.174384614292139,9772.37475244102,997.6450649550214,0
13.969873438590605,47.961289732752434,1032.352721648015,495.5692036504109,0
4.193064966106556,28.535384996222188,9809.23078545748,322.9351550995454,0
1.0993172576284393,45.01913448105016,7567.736802661281,507.1718838269209,0
4.262184907053551,34.12672815088061,9709.828022256366,211.42508786721393,0
10.800651277012266,13.023520022670422,6343.611014706996,819.568628369874,0
5.966739170596471,42.77388013341856,1269.1237740350637,341.46982074044814,0
9.44824023354759,37.30464529976156,5387.952119905161,447.39597727680797,0
7.959403773000215,14.739064025469993,6670.8184666371635,312.9647186463189,0
6.806407315990776,9.579519764787728,4396.372050173126,918.2210200020874,1
11.486767827248471,22.5452595298432,7946.934081222505,843.9170167373564,0
4.537918531112634,22.847766262457622,7069.4266445246,241.20569683874322,0
13.826143039615177,46.40889774048839,3635.4104054391833,471.58559882977386,0
11.282957614387026,18.584151463205092,9608.642813024737,438.3256594736335,0
0.596576815076855,3.924719004487832,7630.483699639301,3.977339052982773,1
12.797588192182056,32.70266351326447,2851.3360034689267,479.2471795111374,0
11.712140275168677,15.210482992003882,9761.435054771971,882.3001878523196,0
9.441191250464248,21.641159085628185,7636.922100946356,158.4172341338048,0
3.3301008234495613,14.609302620062122,2012.7716158897335,839.4162354567852,0
1.5125075567144397,24.81247274507903,9087.974513484904,395.5883260370776,0
7.042635404670569,21.29350965605979,811.018809601487,554.3954526865176,0
10.695945301625331,21.68924847401989,6431.395360581997,665.4806558234303,0
7.771411904554079,27.17213339341213,1370.0512976558127,538.7569100262275,0
9.765511215527821,17.221904912445247,5419.127151225667,450.296027335459,0
11.004213247030474,32.79065068127201,3265.077416638156,502.66331149568566,0
3.6877166580601655,30.402785159615426,5107.582677686507,179.14821346637711,0
1.871027529078656,43.92164090512542,7557.330015433656,138.1722147250885,0
10.919721329264886,46.51735854842252,5254.2135845303665,416.5913008473041,0
12.409490162693539,4.590084485874796,515.616876138095,248.2096464230861,1
6.55900725420948,30.07529463081384,1054.6341368678989,84.04977618741661,0
14.287651240182914,13.006428175000561,7449.384393958172,718.4615571745102,0
1.127791407832601,42.344710356561336,5822.678850481291,878.6592171603854,0
12.710278047062292,44.93990052635482,583.5229987567121,925.164716504215,0
5.941284224604728,14.72017406880325,653.8163751259192,459.3242309156017,0
1.0931160712637638,9.00820728278789,2952.3641073082968,829.9006768515007,1
1.3299426630004725,34.078291938643744,4815.085535295201,881.8451370476696,0
14.337886565450587,45.36563464489835,1973.7377807594955,10.015048641887825,0
5.291774585946122,42.30211381850143,2105.1814231491226,769.9083785797269,0
14.833353096369182,15.963503845229052,1293.482686137008,652.0991475417876,0
4.083027335556486,37.72782646289136,1590.9246573720714,211.57402799548777,0
1.9377308608246038,30.22722316363028,4710.454903664908,536.3560580785302,0
1.4814039181693461,39.5483979310642,6820.4283068212,406.45459132036285,0
5.685514886397432,24.869387800465123,1068.0949137500793,840.4430544320143,0
13.259376746058951,13.185748244894846,6886.1751214953765,419.9598761284459,0
1.3802368946533867,2.681930396612968,7914.980092465652,225.8506222603206,1
9.629276847235609,23.170776994912895,3439.95751443205,279.08284868040346,0
12.262790891422847,34.818580316940555,7995.755044525904,906.8664789273325,0
4.270877937594611,38.94413589729559,3026.345987745629,679.6836636349236,0
2.8182556100838907,37.6626568834388,6293.525700039996,146.35480954399267,0
9.580079265370529,39.59284677600322,4678.058700009264,1.2805517199416379,0
3.3923873858428673,19.899458688545153,8244.312239875338,423.01722328407317,0
8.771216956205322,17.953823868606,7820.0826800970835,999.5288525026021,0
10.321150852884841,29.870661943143137,4515.649358279917,648.0113025847157,0
13.95564696351966,44.62204153493589,6721.823462104719,31.545718730666774,0
6.8115803979768135,38.98217114860928,1029.7028206758305,803.3525366419549,0
2.6612499570062513,17.9497615696668,8741.399768867472,622.4261864965194,0
11.102778423196998,27.420658733876696,4941.26714293333,944.0723221639369,0
1.1659029902083011,15.011417196103215,277.55636024765744,354.0002183160828,0
5.27652387221307,7.340844982279555,1965.7088302685077,405.3342881034021,1
10.55447048829936,3.5638870237740643,7875.991842373936,614.4808943296312,1
14.815860572748907,36.941874590964304,903.688363439563,841.9870787092104,0
2.3004682886989656,19.146210214644917,3230.5000960416833,153.03724653042548,0
9.733424115155882,8.384823040459686,3006.000545928103,750.3718640695224,1
12.946136631649924,33.48811445316445,9926.96914296476,738.828150089954,0
13.583795578097735,39.80465760112429,4740.090354598233,614.6611979058696,0
13.232152306356996,49.43078991313834,200.86202835559146,790.4578021675951,0
10.568437146464468,21.767690577982304,158.15200417393248,120.277477818853,0
1.0799488469474612,29.477703174233568,3089.3092389544686,749.249276668811,0
1.7835592023779214,38.895568570150125,2675.535066007119,491.83696116562635,0
13.168171203882292,30.29316750174257,9072.425924352305,235.17993493618118,0
6.597859541226978,49.67097217722107,3478.712466556562,203.2700683175395,0
5.2817846085340925,15.08131648715672,4608.417867749938,647.7826637393946,0
12.989832057076033,26.129987397632735,4902.968068621995,845.7455581105924,0
3.073536994346286,40.4776769554185,2245.26167459729,243.537731079074,0
8.811684954844422,27.35721814257094,7773.173571456404,252.33204217987557,0
3.387668485668541,10.385235874130206,6970.829141740486,513.8833357493718,0
9.869942252949084,3.274971399749304,6388.308425143572,946.54114472367,1
6.966792706848753,21.953167494825816,3377.7713125269916,837.134313860221,0
10.532286618652863,24.881948782168877,8486.056244686402,603.8859268449772,0
7.737424237641264,42.22415574812074,4221.759067205569,660.3908201324417,0
0.7684741647517107,39.17686885027355,8091.408513257297,277.168780597068,0
1.885622638271446,7.804151483105639,8813.424969783331,334.24508197250793,1
2.1214235973028446,6.718537877784034,9538.32868756177,586.4859217128887,1
4.33097799477998,23.031778593686298,641.259947567697,971.4713095078577,0
4.607831417201671,26.768145240626872,4527.192831894867,183.6222025567768,0
9.569902685208259,8.146866803414643,1769.586294996276,165.26780948598847,1
14.738112780698476,3.7436631707889827,6941.944079202838,55.51966210905422,1
3.915479602647205,42.00025719434415,6976.809323894912,174.21158602935444,0
1.0264560844480284,45.532992442659236,5817.576159511017,488.5478163890922,0
10.024699442262136,40.37517306431849,5652.587047819727,328.5486296685477,0
12.251723979544687,16.360506294071932,1680.1225098238606,242.08987227335606,0
11.611768024183288,25.836519544686972,6739.7892372928045,399.74611816329485,0
13.322041417050338,24.879208350936732,3037.219326704234,6.146512761200432,0
10.340624794789438,24.79297193607326,562.1966666246545,470.9137897927848,0
9.229638521303933,38.75958827153839,6842.681251976213,133.87466126844578,0
2.1054098712779914,44.82627085685404,2202.502341121867,570.9155796084501,0
1.4664954782100748,29.593729158736075,1732.9998595743996,804.5899180716813,0
12.90090392304094,32.67008945530431,4970.107924443259,546.4205914816152,0
5.891021182319602,30.4411050656811,9488.59384661977,375.5856878168681,0
2.792430349842889,27.557008069928035,202.00952108039763,897.8325592721541,0
3.85782344293409,47.296682523421865,8148.336003214073,145.27928930711113,0
11.41002951828798,18.15178850985108,6201.18585124037,566.4035869693168,0
7.016167603116453,35.23778131447216,5773.594678871988,395.69614085271513,0
9.92338325282977,26.138389291619124,7130.217146582493,54.38998518795262,0
12.65128141180299,9.089055593249942,594.3708791178121,618.5992802080265,1
5.34308221223443,10.523021973921725,3711.001897133547,549.249525286793,0
1.160598453213477,23.800597886097755,5850.651030714094,357.11542250155225,0
12.235929135428563,22.74916580917068,3828.475174697666,401.5892116921466,0
8.598563416711603,26.600658734596966,7755.906850846404,166.42238857221452,0
3.7010674074041763,22.758076569335493,9421.094485133328,571.9741366890639,0
11.199859352880598,8.145373574401484,2389.8625864140195,727.525241498468,1
13.697390659343393,11.360955997443781,8796.845288443286,718.646258117125,0
13.810363728194666,6.364982884075199,3055.14842400852,507.40895114421494,1
4.394850906146882,24.580957771825943,3789.5139267258864,919.3446225443181,0
10.538999506342762,22.729726817073153,722.2663787425251,47.45668771242143,0
2.851973131874331,49.19013378172878,4785.635356019871,133.91280373466103,0
5.290629132488283,29.038851846996828,1423.7081949608444,642.763357005437,0
14.669522648083905,45.84685377774445,1655.4088886968887,147.00744126477107,0
5.997302023168028,35.56258958448468,6843.055051261238,778.7691897249044,0
1.7401419910002847,38.72687967052062,8228.45637081172,8.039862867293879,0
14.58576406232874,40.02502462384379,5811.461112433296,816.7088612109083,0
8.29109585662978,30.32613943034296,4300.766355037173,827.49076041472,0
6.685039995777437,31.521025996642976,9600.412821605849,811.3093329857949,0
6.19106157665075,29.737009689823275,1719.6157321776138,504.081180966104,0
8.605192722023077,32.84617234166436,9973.103868196713,6.861105522786663,0
3.934480683607142,10.350291444223592,2980.2684444039655,104.38033056215225,0
11.899083425467529,17.05330344701646,937.4102797958903,130.96181028455138,0
8.951094881183469,44.56440496552922,6198.695152238302,883.3692733344333,0
0.7090600573098813,12.16019326032,9970.102760373027,149.0299950702722,0
12.897595494405376,45.083517912993926,5818.1090723498055,296.4011802132608,0
1.5546488855489764,15.989007461264988,6280.428596833343,752.645079188652,0
12.791612242994823,19.26900487495496,7374.452566415663,546.1833259230708,0
10.332410235030663,4.171776557076863,1378.8805607340996,710.3872233835707,1
2.9746382675228267,34.829897313502954,9616.834811328143,669.9894446781896,0
14.674980137790621,12.866687049169748,8192.396761281576,888.5993379587306,0
6.268962548556519,9.592207063641707,7869.270042647056,721.2554927275831,1
5.800056755549285,24.56071003521604,805.7722673146923,909.1324080535308,0
7.777452380549725,13.313873988131963,8845.845450321214,946.4543528953226,0
3.2597429934480044,41.163228559261725,5354.626650429111,873.3841595363564,0
2.303623018529885,32.078855065830844,5595.210695934243,636.2527505629936,0
5.908130169814504,9.507709066622859,1516.4799371146482,482.42134456064974,1
12.459237003036746,45.151416461330115,6452.261257394505,932.1115660740076,0
7.525382779959663,42.22125254622638,1315.6032049545408,486.1250517437615,0
8.972528313377293,14.63968056581657,663.7567534938665,392.259174756794,0
1.5058040523305687,29.387526076778787,7069.4026257627675,685.4741890192715,0
1.5628739688402413,48.72532216213398,1249.2685724768291,775.1320189502917,0
14.771620646592305,2.721558826870355,9714.108937763043,918.428138588254,1
12.492814108506087,18.569585539809747,6790.900393375586,620.0330082408268,0
6.984995417627259,29.159390159526076,8187.900518735328,142.56227036037976,0
10.624941658849856,39.884019799092876,9022.802095043211,676.7338048550023,0
2.0385493272034165,49.12691676098479,8342.569833141943,171.18013493593372,0
8.929658894839385,21.812893644215542,4266.555929321545,588.4961421520144,0
12.519629040510239,48.481755610987946,7457.60367084071,577.172967031923,0
8.259914176493993,19.63689437700825,5417.881428142182,274.86533703685456,0
6.468969176259142,22.319425159521096,8050.615426397023,215.2469981033504,0
9.422347423339044,23.341247757660103,266.8505706574223,3.825963698809659,0
7.691171929639595,5.532344937612194,8020.607065723564,459.75132882428215,1
12.842523548253917,1.6350398055409539,5825.597014154125,280.72962390286375,1
2.4112410013334182,22.234423674535453,159.10007152042635,538.0295254929903,0
5.696879643806628,46.203209455590546,5798.115973933666,151.99740084451926,0
9.345037910798075,22.584958760854978,3464.7868523182833,524.9605115402923,0
4.211309953819846,47.68350653479252,2753.453715948146,530.6961506712512,0
6.3509803389368455,2.1696730522089434,2837.3301213890027,865.2672869044303,1
11.99465493417354,10.347609566532954,6634.5897534629,701.306090083025,0
8.683736120399313,35.68075949669341,7794.899679066832,794.6842879960163,0
10.84148115521106,48.772104491256414,8427.512810243485,670.8618473546513,0
3.5377186236305618,42.078971149340425,4231.861807773323,63.90726192510978,0
10.510603440955956,49.374254225594235,320.8208580188186,938.7064218607497,0
14.044881467274859,13.48698234067198,1131.7582313857101,387.3151269237317,0
10.392645990107804,35.32718344285955,1858.5927010697033,339.24738605290315,0
4.940248946595494,36.4053502583577,2320.5013833846338,162.85689620318772,0
5.92714578475914,20.696406910192753,7267.214503630758,849.6860681365843,0
3.9817432070936425,38.629783158187365,1829.0455844970754,975.2238440676495,0
3.983591966137148,9.608454311259898,284.47346827037825,40.58982448679627,1
0.7695871671155387,46.93531555153752,3736.880224955571,916.8092459434602,0
10.001151603491499,36.38814340331736,332.1477119706856,948.308067799963,0
8.014241381191344,46.39789643600951,6986.411545329838,12.982666133482088,0
13.602385202766188,33.44418729560932,2979.348250976224,115.34238659647377,0
3.775546381363174,30.603994649442402,357.77323891162905,25.770836906899827,0
5.087251536717294,42.8415175971558,6384.975709429634,935.6749944658118,0
8.384599616419308,28.41928144800245,7257.081199793948,726.1514787582171,0
3.940388291562279,17.258963719105356,8259.505031097948,955.0069830847399,0
10.587415879615746,1.2117143805697146,5836.062293875751,211.16592110991553,1
13.092411509567416,28.191632059498982,5235.496623526493,986.7019972569522,0
1.4338914536464973,48.96351227058106,2998.9509115676383,898.3183864379426,0
8.320474142728536,26.493953740773893,399.6104131970868,178.09716769809262,0
11.64976879330045,15.685703308237755,7190.950283889099,856.5318102638893,0
3.270488737351404,4.899960399806956,2939.4113823215134,45.327282358579616,1
4.554977032180789,21.859856213016236,5646.153245786177,137.4810775740657,0
9.36349027984983,2.496699447088263,4751.759812693254,343.82840318054036,1
6.448830941247273,28.866464504465277,4538.041367082907,779.9510703805876,0
5.279158113794696,46.83862240997264,7314.66033556737,871.1379850674157,0
5.224195643215163,48.70651186253316,1304.744269887163,168.52564425724637,0
14.509938210743702,34.72828747860482,9111.916182027042,154.06216898271538,0
13.173551763844939,5.707982420429133,3751.105072773187,502.4773279703693,1
10.68839857544306,40.61333113680883,7081.608824301407,848.8918685035624,0
5.48064099310391,6.257169969854102,5890.3543965274275,140.81011492760166,1
3.4679022372953816,14.95022814083238,6632.076580319615,782.2383204036046,0
12.913606653719551,24.3320789426027,5488.261807941213,746.690972917648,0
9.37318812634608,24.824161925282667,3302.5839954849785,852.6341159360046,0
1.6916517942634064,28.71888660232818,2509.6275972403864,339.83013063192726,0
3.02349187688793,29.386965918775484,4554.248479597911,605.8074598701777,0
4.229727633201755,41.5149797855784,3728.9254039152943,575.4660300585991,0
13.807250503518082,23.63400876326262,5883.612693620883,279.24184075864855,0
12.753275432016974,29.376056787911647,8589.922417872123,687.6886276466151,0
1.8452303555497989,5.090647762406208,8854.792454228234,21.942910135186988,1
14.633317723545936,30.27973678709079,1128.9041944784392,292.5551916917902,0
14.911690707500993,15.99455583336554,5778.457194334333,182.79871287407457,0
8.852064238874107,12.969973346251296,7625.655021433432,990.5807386157553,0
4.663598510800774,24.673067201317945,5189.119094005439,152.01663504605597,0
12.079094574034324,12.940514280264324,4293.420728119309,597.9831086915982,0
9.097207928834976,28.105451547024504,9204.897446821467,227.53863111195966,0
8.677585011908597,2.897763873375225,8710.429630478651,383.1769262371125,1
9.606235559686766,30.0695546011559,4822.569335812578,879.5236294277407,0
0.6778645211343823,7.132885939566284,6779.852176261015,780.1488798575426,1
4.765494316034107,39.41211810002955,8328.727948046428,154.57542706664174,0
11.551260123905788,49.76763455056359,2399.5695231689233,821.6948386176127,0
2.103150823404996,31.38294635469006,6414.291407049418,806.8409316479139,0
3.0691038116126093,26.592401659250513,6934.805360417621,972.9697042149213,0
8.530875037327995,29.562775334840836,3928.7759009266156,950.0499074619327,0
6.495878655585806,45.682828205115136,7420.182081812323,900.2735608977474,0
4.069845566775005,2.2804978617221145,4964.1105303088825,900.5432055676134,1
10.138451514657868,1.6916836816283825,3795.4010554031574,891.69978642371,1
9.561844595397213,24.769451654896905,1759.9926698549564,128.31457304230605,0
7.192964198084458,25.91657869897355,1978.1563967075124,830.4704585624737,0
8.228704648858933,11.485383497513828,2154.6723055482435,881.0078576352473,0
5.537376537013691,39.375083351999244,5786.541834724161,577.1432094234267,0
7.803428187014075,41.01629304529553,3148.3013643724644,222.91293630277892,0
8.52071912997773,7.711558751100193,3227.8541738751615,581.4640152947478,1
6.859053435502248,10.248127061567162,9569.40438846943,728.3613793869492,0
11.243439722546107,22.42809234852093,6201.184438471783,794.0786014022218,0
9.363852127858236,46.28602549429652,5370.529643085506,787.0398901387867,0
11.537942139383285,2.3402528706699077,2862.3745290443485,373.63045938441957,1
10.788027954829866,29.340456524499984,5246.146915011572,763.9152649915931,0
6.301755370543356,41.89027953253237,1341.7250534566374,903.6796457654297,0
2.7892464958545156,48.16857727113859,4594.382916756175,385.9249769848913,0
9.553449188863004,13.57008566042093,5007.898901749523,858.1937710444112,0
8.080295227985454,14.144250310865203,302.46849962923517,837.4874824671325,0
14.026954586765239,9.363470358681028,5931.198174872919,626.647539959986,1
13.035913324160099,12.507642845451603,384.74526324662924,229.77812138143386,0
4.246304434840543,36.37094397811431,4760.314419252035,413.4491742941365,0
1.0468432409453525,34.971218554359154,4756.823635492121,906.9538064833338,0
2.519954036238969,7.3825750496181985,1050.8285619261392,904.9286169036656,1
3.6527954425626405,1.3572652375695373,2765.003061096174,179.72359460621598,1
0.5644251324152539,22.131427293923217,5354.937335122568,206.53225580913724,0
7.441097658950582,34.72898151774173,939.1980000738198,449.64371827438265,0
1.8943913623974837,33.76249299083384,300.49078725964637,666.002771595684,0
8.420500498824977,17.312712617348076,541.3877964288731,315.64280312285433,0
6.980987543457129,12.40509644830866,4837.370576340836,214.30815780066,0
6.890635451506662,21.72326607527388,6986.169834240373,420.14067020062197,0
6.092568787786956,10.008058750163261,3116.5980713904883,527.5276090258304,0
12.686022136229017,5.872593322747963,3328.479192239792,727.3557648690357,1
1.6732884580917418,1.3346241493971287,6749.450935707866,920.9769393649517,1
12.464660348488614,8.541429486210415,199.7869319233833,78.79972510517146,1
8.408736283558936,37.760413015896084,8624.744924103354,860.6382908160583,0
12.599628134182687,7.404695979395727,1983.6594123480465,935.0947527137812,1
14.484649754194564,24.031437340872774,7784.532039267706,809.4745750916791,0
12.892853173776171,12.882058358363928,7605.243877169943,576.015850017322,0
4.8290660729373185,14.680576470007153,8748.023057854356,291.62683369279364,0
11.854979578509926,38.08733679175341,3274.048464748671,866.7695604866127,0
3.551203620969121,42.48993743402047,6062.646075284444,194.51947428195152,0
1.2142251939335047,16.616655819185432,3256.0325895687583,890.4211876064722,0
9.926246437050413,47.12577296696196,6505.320239513146,216.7028003677716,0
7.750755277119991,45.69652290170302,7068.487349762896,299.10877838937205,0
5.092842731370066,11.48785496682248,3134.379800362998,938.6327553266782,0
1.2192751434519564,7.058607360328623,3067.849298321319,723.482306201764,1
10.977726795432,30.984397457547164,3172.58978056671,534.3353812632652,0
14.954467108692121,7.997773409716918,2842.599600900631,929.8240794894022,1
9.698627821754776,48.90698042698314,2416.540678315958,147.33344921367603,0
5.835216218505416,7.583022274358111,7035.990450261398,752.194250019292,1
11.89912013179748,41.195827049127566,7207.700683397692,227.40291554945082,0
1.6833993119617074,36.29144274274879,2322.9854710980408,722.2733284556581,0
13.153549760520743,39.04490735774574,3742.853270975722,947.180966890357,0
14.781236510109816,39.37944867430404,6638.170216348286,604.7020687011677,0
0.6859106035149047,39.91167978413622,6321.461633712485,993.8671122234892,0
6.071733846413207,4.92777550392843,9837.747363009283,200.94148931323534,1
9.438516241040196,31.150011313240228,7197.412212127462,353.263479737672,0
14.867463994247423,49.80411360689666,346.0251230235144,107.46408452618626,0
12.367101249398788,14.789418547705246,8662.57334388889,803.3850845872637,0
12.92253984032157,35.116554654563096,8600.678794494146,591.7615523680352,0
0.9167405188170149,36.66640102068748,4515.890823728925,876.1652939781599,0
8.20906452795024,36.35739030296105,8781.815984428922,489.66077804512173,0
13.761144508606385,49.60856891688571,543.3371452858041,704.5268588559128,0
13.746797300113156,19.14920218387888,1830.2539634985317,800.6427241026087,0
10.20688773261771,8.922463963272165,1156.5430063460192,356.09483343437046,1
2.204802136674701,9.579147394256738,7487.636041635574,17.801121487314553,1
6.386289705239347,7.0014808743679735,590.5931946709421,219.35251066239843,1
9.794347668211703,23.097017418739867,8022.947317181612,235.92167320249243,0
12.799736083930723,30.481493715742317,8872.014182752071,979.8962346544332,0
13.276526341808738,34.34814670366606,6070.3617213987545,683.994341827996,0
9.704597390314227,16.61822028561718,570.4896196776124,809.6031411850186,0
14.971524234103635,22.408838643717488,9378.972640969176,954.4146548103041,0
9.136620494450217,13.936194469182944,9274.868304317284,46.04477009378699,0
3.531389670606138,36.84300538909418,1524.903570842559,427.49488315397,0
14.873045812567035,40.343783047476,8108.362968114195,890.3283068173439,0
1.6004005404685804,3.990332795792559,7699.564738582899,435.49891145454086,1
0.7296467074563716,7.77813885959986,8509.944809719034,252.31417272198834,1
8.537123392659906,49.97073146363545,4868.498732150363,354.53317307287773,0
2.1843685073402805,47.52351847114837,9523.98128402329,700.1070191124082,0
1.8958225293200601,11.356690495551526,360.9000223106947,140.43358653248572,0
8.240871028209735,15.261720692037242,1964.415747196886,738.9059748790453,0
6.027490751869644,13.910238894911396,5195.622152963244,589.2811017019847,0
13.057554001688299,18.25943667289804,3834.507021066782,131.02085262810775,0
1.3910566733084806,38.901023343574735,6636.609133050847,426.87955165236957,0
0.7192745761566561,10.962645159342385,4681.390915225923,834.5941489957524,0
3.431123469915944,41.68589544069078,6585.844336103918,194.85131696234427,0
9.520434334802914,20.2336254692027,1716.678181987988,8.289872932265125,0
11.54352462201399,26.75012313473471,6944.297215151257,751.8690417553189,0
8.945652269277348,16.095473138541372,4175.3952228505295,927.6015092321497,0
5.24175047071466,32.797942506418735,3716.368601564916,467.9190530530605,0
7.460634813557064,13.059164362451847,9375.522863602195,236.4587480500365,0
3.772184356151973,1.7925533556408753,7014.545958415957,474.84608355613267,1
3.825436300171709,44.31068875262974,8698.304779429867,120.64245841632233,0
14.43323771292717,32.899674773965046,4501.283319305532,570.220616161712,0
5.4164034796689355,22.820671386459434,9461.966359830241,720.8614431069168,0
14.291927521538403,29.28869516785072,2714.701389850841,724.343526243185,0
0.5697620399416344,3.5700788781427386,4629.835286174406,104.71612292602269,1
7.323679741746155,3.941912613019126,2375.03292242712,857.0513730914598,1
6.30292202964304,48.08306899608802,2584.7235803959097,480.28758640474365,0
9.905698228805742,28.144024876806156,8843.816648828493,743.0769144116944,0
1.0852537573951302,46.009995946075215,7848.344230672251,280.2403155908032,0
9.203908260884468,26.192491586073007,1312.5496621848836,283.7577439789122,0
1.4207945887496087,49.68347739884199,8709.538533120418,822.2857992039599,0
14.646301362237695,30.250319545342144,9003.180710513892,148.8643752370961,0
3.2834560452992907,5.224297656705534,163.3697482893063,747.8929847234315,1
1.7897374549081788,41.09754648337787,5410.943439462497,130.15716282385964,0
10.988068198363589,41.4703246442907,6657.814123907417,989.7382518650383,0
2.2090639712699085,37.79259948395386,8065.24331853397,105.11943758167243,0
7.031676264860432,2.408822476602489,1862.6823327875773,588.0657434192641,1
8.197119812810003,27.71512655701183,9274.75960728564,569.6193936191371,0
5.162432793960397,48.11698730996458,3797.084512697821,913.263704577886,0
5.347043387165248,41.8153309209298,6391.026660988839,204.76313902955874,0
7.411883102782821,36.64933389227182,7274.3125553861,779.8020378070087,0
10.131066292814172,46.7458307382996,6330.898974011975,519.0492749771248,0
1.9734329837196594,36.38595568204248,3354.3598260724425,966.3249356847022,0
2.02647768601011,30.5788594384826,3867.516955478695,452.0310584072254,0
9.57584165320653,28.898882556886957,6879.740369103542,799.302011839141,0
12.070435437823413,2.8337419329289517,8823.102649060875,17.468481881114197,1
12.932360489743193,45.081612451118275,2631.492017947517,137.30080552041133,0
7.878881705699689,21.367336531942563,5070.765183254777,383.2134240494802,0
0.8370213915461939,25.21993315871347,7110.404730185808,947.7013121006778,0
14.503067715701256,47.31697417242364,8765.07827197252,622.8583676112574,0
7.059056498886449,30.105969120388984,8943.353891137154,721.6398811469164,0
8.051921082112528,48.27660632872475,1666.7091880319972,975.5568368437447,0
4.092440405445934,28.22505930486476,5881.457262196724,446.76100798212536,0
9.736463499706607,33.924710171225136,5383.0615421848,525.0214366120603,0
14.285896122768447,42.94418884763011,1630.0100480370068,784.9697359187392,0
10.266276008366548,40.63687518256117,7027.859806295139,399.28685204552386,0
2.8702849153387393,47.40118215301685,4161.722535906912,897.7406776540973,0
1.1294500440618336,8.522355223384732,3080.6822782564136,410.5943604176903,1
9.598548718673475,36.712204608075105,6795.371925146758,662.9419637366004,0
7.210880022569278,1.2163927959993601,523.4638810657432,968.3676676055213,1
5.009137761206102,31.339535197503338,1224.154545021486,236.57317437034223,0
7.039309464811193,43.489107219259566,7031.764649096256,878.9548533070109,0
10.727265041432894,46.99486486759269,9926.45949975655,70.71370069347107,0
9.88929406320491,35.05069091971616,4622.671921952971,203.2180823763187,0
2.142095643987573,14.862832511507758,6973.210164881866,96.0875763869801,0
12.296879257172717,17.8433324602069,5010.428434419759,743.883284541186,0
2.199865129185842,8.35717044811571,9282.959491530906,801.3061023483574,1
6.636541013265611,44.076133684433664,324.5090780571086,431.55585158290893,0
14.220216525411006,44.60459890618398,5579.9938120958295,9.018976082222098,0
11.06903048024095,13.009059293904752,4701.9866709091475,202.28196816328355,0
6.322451114522858,11.545280231168533,2783.379215080649,853.2756855493877,0
8.09839073984501,23.29963880335317,3764.754008405995,425.63986305138894,0
13.94299151795605,10.236808418641724,2655.929843009188,98.29072124615041,0
5.108953706122327,4.506335871189454,3414.4195887598694,708.9416284359706,1
4.454175313355504,28.739861442368806,2055.684253255071,673.8518531254276,0
10.090257676041064,12.747976152340707,752.0683583376873,116.03411072549683,0
7.6889815667616555,35.77231690449894,8559.513047071117,799.6359046747183,0
1.322290147155541,42.22061200965474,8598.246573015302,840.0144114488618,0
9.899839237088571,4.598523199126986,2116.505895431249,75.25602070506156,1
7.7986856223858485,23.658418646808556,4459.786175743796,878.2361243134427,0
1.5456329323907647,36.56142274605461,2831.7188319837655,364.71490501909113,0
5.094342757455314,39.06309082794351,3186.359028270414,49.84512154376244,0
13.977689036682456,26.180053683057483,327.251372864034,416.6722530941004,0
5.479321275317465,21.569867934863456,8006.335614243479,678.6291691628912,0
9.180478395506544,29.864905089186465,4862.803048731217,148.06136305099105,0
13.9046201590133,14.704455570605154,8506.136769788045,712.9141300268149,0
2.4717753993642537,10.469076919218438,6926.15045684809,216.49338785618014,0
3.5418792767497984,46.103953055058504,2168.467992386502,295.9951619469461,0
1.452873889657222,34.48169778800635,2393.9687566686625,634.763396618045,0
4.579240237737458,5.423563880547465,2464.755727239016,145.90470892217897,1
10.646445010587637,20.181804089950333,3326.7413589795287,177.09109841835112,0
1.9346442606514374,32.203756865310666,2677.8631926450216,493.0349270638569,0
9.861482419626189,24.387491273678943,2528.0202399183463,437.359166605264,0
11.179586554815403,8.60504217592286,8341.394946409791,955.3102234858983,1
10.64917084533046,33.85393238867384,9651.031635642572,123.59347632202785,0
7.337554378377238,22.06301894513867,848.9396102271485,712.4639048239366,0
12.227181217988358,15.013856122222748,8647.666203017976,645.4761487724302,0
11.321156070409387,36.563784104624624,6120.507136686957,110.46045575765011,0
9.610638797216565,14.508359320472099,4453.75640348321,429.6546904028809,0
5.627071760021109,30.216113712794257,9483.24897577583,962.508133404649,0
9.16599302373433,48.93662060092976,4053.042384933882,696.3686678955931,0
6.574276915957628,23.199542132699225,3395.1909348458908,388.5875253403386,0
14.527852181909969,32.992118579396525,3005.6811257375903,958.707593595643,0
10.155307877093962,26.40030258035747,1866.2726109353316,887.982383876181,0
0.6357380479886215,12.470484530209838,3924.640008599784,318.82331144808416,0
14.487067938620855,35.704262132223384,6446.730480520972,306.3376187012531,0
7.707159469940085,16.04199406798918,6431.290114338586,646.0402456776069,0
13.962999510300067,26.288971740980035,3591.843585192047,83.55232999861968,0
11.939202156610861,41.888672639337855,3226.4556365750786,927.7518156446944,0
4.968157428383736,40.851747370916954,8613.05562367095,849.0597959020591,0
8.978958481289679,3.2470341048958873,5627.5789907166145,827.0106835915325,1
7.885621912922018,18.447994233051688,7428.3790975891325,415.6172876729624,0
10.741308489284537,3.2581420685144837,4929.601081361159,801.0983809245434,1
8.542141557534034,3.408104224334315,3706.6507368342855,499.7367099674566,1
2.1635087611128503,26.10504055918318,4700.886298413774,894.552451754902,0
9.168758667847086,8.446099659917813,2546.2218273462813,748.978916464089,1
9.233952956262883,22.563395183137075,6592.819774314954,663.3195823391218,0
4.340839186632273,23.904422004739796,1345.7773078853922,662.556347239936,0
5.764663936642933,45.502452000377986,1273.6616187030306,377.9797138369735,0
9.543560539762725,2.890706390338382,5052.36631937567,420.4505050196668,1
8.77481732309715,7.994265316397632,6416.776073298634,178.8661890084777,1
1.7291710770707664,27.839760573889848,7593.389157674246,944.7200684121311,0
1.1761336795918145,41.197331103734655,9378.49672733569,77.9859690374234,0
8.722803207236097,4.0556613444883,5607.192252605828,872.5693337462883,1
14.107033356257435,13.934788752379026,247.84051429028926,236.24400418834435,0
8.626938909268215,38.45470242423629,7519.8734733055135,57.64058524130059,0
13.33657335617381,19.167169307697097,1362.329269377523,463.63268609233535,0
10.061620433607725,22.163838542752842,101.19137826101831,855.4981045504571,0
9.661020549298533,14.656524322452078,5950.57886517892,820.8864755178448,0
8.408724085329983,17.397879843871717,3093.0703865069236,161.76082102557402,0
3.8589271882927108,35.867137625646144,571.1860080027654,529.1952183618522,0
9.42587745075619,2.9329945851530375,941.0050974931473,706.156679680388,1
9.82880259378105,28.57237850142382,3429.375397586003,384.38347178006825,0
1.1060051022685895,18.783827735498882,3508.188184385543,583.213979955716,0
9.754250151396308,18.776229099753667,477.36113444866294,385.7634249925762,0
11.254525590775089,14.947215004729891,1952.5651749438387,433.59951094557385,0
3.490655566126359,41.864446927600255,6092.463044070346,445.660019176859,0
5.734248283998966,23.596296654149853,7526.519928802614,271.5212572523433,0
9.836451896579192,25.175787501173787,678.2790377935619,926.6339028421706,0
13.754881971717143,42.42574996585828,7622.196351063468,305.5258892228769,0
11.151057089956973,30.700897510138454,4071.7231646742557,11.383146480791382,0
0.8897602359785932,8.674982865566438,3240.44882987954,282.8082852762014,1
2.2970785576416706,49.29261998180188,6881.327238337113,676.428131690413,0
11.875491190945624,49.33848208221468,315.26877859962127,837.8136464525562,0
11.656749572410888,48.9935570470555,9948.064110031564,885.6104980957294,0
13.638045677112837,3.012599250767113,8943.860423796086,62.51348485168426,1
7.806369004052025,4.435807111381142,4115.132920964061,356.0044673559346,1
2.928757013575108,44.58802924804881,6137.267951838445,695.866460108617,0
4.211612546517166,22.981942735608975,9018.24885017741,387.3329704027026,0
10.357690537389612,3.3852809469309735,4129.98431223529,625.655560396865,1
5.5338978607263005,21.58179444146207,8703.732931784965,799.9468480302228,0
6.186098015809494,8.91654103926721,2792.664955184153,778.5741813213057,1
1.28823324274462,26.948891062771484,2446.198067178533,543.3761921968493,0
1.3384971587526517,19.64320064292018,4431.046438538059,577.6173862950595,0
8.243844304188508,30.863637807131788,8426.297019804832,725.6117133837566,0
9.82625088363961,13.056795596839018,279.5139202178939,152.51798939754866,0
9.6438204558432,30.120349812374045,7153.561183907702,440.421081999991,0
13.873258998819843,8.468116490558028,2133.463778916529,985.2939240709508,1
7.604655394474645,2.24859828829828,5189.675545668833,915.2305970574224,1
11.55402906803399,48.37315528111788,7974.387326441389,413.6422036169767,0
5.410909533354588,17.571405564013435,3034.0712697350405,581.2972651593045,0
1.5210958522792921,5.204472238975441,2862.8802091915372,163.281590370407,1
13.142910695424671,6.3488603658072815,1856.6776298112204,442.3076655220751,1
7.57689663519513,28.793492244949697,3895.107914656104,856.3826247552579,0
14.353317368616153,36.55411129098989,7950.586334121128,51.51407308230859,0
11.983055087075261,26.02535461877487,6315.909868818556,725.7581785008576,0
1.9619704402182516,39.88119160524055,5297.026297737628,842.1159348064888,0
10.961545717152884,1.1005175089223376,3167.4764525869796,809.8557248578054,1
1.0340953410916347,18.895121351193286,8837.48401592859,542.7208801869447,0
6.8284858621627,44.68970002972834,3015.592780902664,31.350826579688853,0
12.999047262306055,24.538397607119016,2828.6568177197505,497.5014748486867,0
13.189901470200033,37.21848026296642,1756.5936501948902,57.06188854470599,0
7.1801469727535085,39.43360962557078,4056.669741962296,149.4228818636288,0
13.590171814224819,24.211482445702952,9929.247269606856,890.2355377913609,0
14.941102388776121,43.428651177296935,7481.376716151364,630.6555509598873,0
7.140990342731495,45.18439447151804,9243.284024295532,935.6182834689611,0
5.867121511801409,28.54933345687845,8170.577942891101,867.6728429578911,0
3.1832884554840564,48.43818506735061,7655.07006653208,639.3658247793527,0
4.104295001168787,38.106259060156084,7013.884549643752,199.66766361164653,0
7.121908558093289,13.912397541454947,4791.622996693239,913.7703919968752,0
1.1493403871473942,2.441994648853602,5864.511363271904,327.3237055015534,1
4.659726112543074,27.719945817990947,385.00370117767494,340.8980431537478,0
3.8410844799164874,23.967596458451734,6881.622967829927,433.049155522475,0
4.438214820235386,41.7042169386091,3657.537202228815,921.4260971350217,0
2.3126193887244693,4.572355321916477,2366.2690835486815,625.5486160812201,1
3.7898600682905994,18.105592314246007,525.5119013816151,648.0124040160746,0
12.811670616184303,9.147953058572845,2523.3088113285735,419.7432784020154,1
3.736607533270491,25.268879045115963,7576.162323049678,724.2982188057767,0
8.30741640777737,29.298867629775692,456.4127684021881,924.5226568226047,0
8.134504645429988,6.391812584855248,1510.3770748030286,415.23288494229774,1
13.20691012494699,5.8745961773126645,3332.9002625582716,472.0537803786172,1
7.407728646145153,36.48472134970015,1241.6613108308425,753.482808448826,0
4.0600349528927575,27.855453390096613,1083.7014296377213,427.9284101294998,0
4.493302719697074,33.62241140288396,7465.376571810396,308.6439738886245,0
5.513564363066623,30.79118779490743,2643.366549813133,939.6435590557733,0
12.673398978367974,18.58032653655335,739.5891211655129,759.4868305593651,0
3.7367744427183194,39.46913263366475,2043.9887343777411,975.1361337737478,0
6.719875587842923,18.673768136363094,959.6449800597435,814.2568369355397,0
9.479522017562081,3.53319610067124,3969.308312916676,343.36217470352926,1
9.103505582024566,28.748022250266143,7748.777137047262,112.98945699609669,0
7.993270660736865,39.43895826667656,3157.116211295665,308.86685644308625,0
10.423677327481782,49.82803034796633,3762.1446012141514,279.23326183727494,0
3.804396758953466,23.32894290684152,7297.614331386696,198.20653828049748,0
10.115908329408066,15.57008134756086,8293.018383921755,649.5902436383631,0
9.412446255411785,17.944007521645382,8095.846772942996,946.5249674033419,0
10.969338215636615,49.7508377107136,9953.119409603505,885.5368996051415,0
0.9340611326418939,22.44840146131789,1534.806316186869,22.03308520467294,0
12.198642206856565,24.104141853705723,135.17255039914826,74.72613174681075,0
3.2665802068817835,10.481504641176251,9446.23725296993,837.6346356687462,0
0.5772003650312825,44.393140746494495,5124.787293252465,634.5509876941355,0
5.917963478591111,5.233103915273771,9661.47217898626,443.4387220059307,1
9.870823023180721,3.0966659350612797,6166.248895053673,243.17253093677104,1
3.846919005063807,45.92593693187346,5168.6007861725975,836.8883944305214,0
4.088656982498338,18.911747633786483,343.93460670823663,877.083995847365,0
5.148690359934023,19.731384840489625,2466.301133564348,486.57398191007314,0
12.087248531245441,26.440854513433276,4844.427302062095,637.6644198085934,0
1.949992223818853,48.391794355650525,4040.9424774486756,650.5680630367236,0
9.76653745211703,40.41502552919257,9228.190204560498,810.7767303395511,0
5.79712295789974,27.41924814912145,1511.0333972976107,245.06969898594525,0
3.9319580017307967,2.2817296930376356,3067.6665134025066,225.05704807491935,1
10.116655591512773,11.339166139562602,647.845324236562,804.3679532747585,0
12.515063565316957,9.531674664841653,6042.8010210077955,145.63153871289234,1
8.088225971509587,35.331812433548016,4009.91678965941,260.41395400196456,0
3.010584248871341,31.896555964355887,3131.0101626289716,119.5462472956296,0
12.166114640527175,36.29630027811599,7340.0679911053085,361.8175233276309,0
2.4987411264742665,24.545772921609988,6797.059879334256,573.6827893184584,0
2.923548606037941,23.455351104508008,1442.4581901937458,383.35759220141017,0
2.282839179068384,41.95656626327805,9212.333887028184,726.3361407922768,0
2.780743142114897,14.119388843470212,6447.901534217408,785.569477740093,0
6.585325969150359,36.19364232554541,5791.872769079813,802.4794919490593,0
10.525493695873385,44.153366145483815,4279.718874152624,613.3954029174754,0
14.708449413999722,2.2821387485088906,7772.941601736905,604.7078081221766,1
4.433775915015833,38.51757977439112,1985.3009472033086,636.8618608669228,0
12.317039492760458,27.99410231773012,8373.98479031683,379.1869882630493,0
11.44969499392077,49.0191833848375,3491.7383593245086,882.310234412165,0
10.238013331900232,33.94301369665104,5606.149435743555,572.7241795296242,0
9.170342596834507,34.67247565237171,3671.393023411367,57.12221197569501,0
13.650003660692107,10.193882713169605,9526.217368986961,643.7268215320587,0
9.163758461869584,46.96993857258241,1460.171663823214,125.09125086697418,0
4.383230045264487,1.3248567923719627,2426.0682945723843,424.23978960938047,1
9.764775377379449,35.2383934736091,8585.98570965665,378.41041255241896,0
14.68983868280325,32.482433651261545,8056.447832221277,838.6266496974072,0
14.759268070419067,25.708157817127464,466.2453600831723,984.582396081307,0
11.734418256939147,37.6639284859356,2283.527717255719,952.4070499506003,0
3.31209350953608,5.791178143284874,8500.254477417328,104.10055932948737,1
8.365112824629222,10.622718253941235,346.29734219278663,64.70633525904168,0
9.597297203995543,1.5479219040378203,9347.906942320298,480.5441115205242,1
2.3200799086373274,47.817366247131254,4168.256426408705,228.03657591958793,0
11.918566390984079,10.921880483148888,3841.6089393937527,302.6812579200109,0
7.9979789208710255,35.964387717042854,223.71111223079416,719.8830540715488,0
2.3171809203623774,34.00288111573831,6631.534020779472,655.4942963299566,0
4.362467481692924,7.483928417725243,8546.819840764829,910.2867284585218,1
8.365869069074659,31.107847082244824,6142.354873998822,855.889506367626,0
1.8306339587557607,42.173072578472514,6481.7592062086105,219.22197301497587,0
13.023488521144705,9.430162416099458,296.49206090088813,40.870398804584866,1
3.9036183546373473,20.749610738136898,8333.392482709856,347.9016759897908,0
2.9669336714505055,27.768461568249275,8450.443936030477,229.59724866450944,0
7.644631098763585,23.0098353139229,5346.15164430867,662.2474282739422,0
14.52361640597655,17.41212135660886,6812.088138290245,951.4744701471772,0
9.780167943793574,41.113646699694534,9265.21737828312,462.86329781006725,0
7.447761653219308,16.328861108837003,9624.804731141277,462.86268802864237,0
1.5766303336495235,47.12214260068881,3514.511713551668,520.5472644665952,0
8.750802372958393,28.307595157718524,1276.0836429707585,933.4143343279985,0
12.697194000275912,38.25812401196842,7402.527490564656,151.67484750066234,0
6.322437219283069,35.35429872504673,9987.891984472053,847.7565883107194,0
10.934914621961887,7.567063837640893,5786.861650312763,193.29946410237332,1
2.0852592484170778,41.492795098444304,2736.497517284188,398.8346099004797,0
6.8102957268980635,42.447372974876636,2354.1464112627027,21.540279868047445,0
6.331446665688688,37.548473481997185,6169.476530769156,946.4024185867942,0
10.995790932527047,43.41684913146636,319.7646218380669,10.080575394746287,0
7.3864003798126685,10.00241651403076,1041.5395812367542,254.16302011459064,0
4.281621167387503,18.43506249884668,9740.531235970733,103.34833344464691,0
7.903137589967457,10.026567258333321,2805.149176368155,156.66805134155862,0
14.693456780824329,37.43932510201741,1056.6976631959315,629.3126890437665,0
0.8424944967329648,37.283585204212194,2070.5749925110254,643.6126895115901,0
12.351235957047086,19.500009221049094,6282.54448339184,847.5007246212926,0
10.056572547856138,6.0345786078744,1487.9514967987977,331.7702454812285,1
9.365594289977105,10.342313932940662,328.98544092426175,490.1630427810377,0
5.774675659823257,14.63840313239477,4387.306059598503,426.74585498687844,0
12.73443406025422,31.61793438713897,1565.1435691325335,926.595674834784,0
6.040586472324224,22.91838950883465,1647.855332733031,481.5693219038275,0
3.928920819330564,24.218207023233916,5498.216841024846,574.6733475676065,0
2.552729885683966,42.38812518931157,9418.539186922655,482.4696548701615,0
4.154060651432404,38.529591567935356,5343.7532855110085,603.9635841001793,0
9.149041307330112,36.88330867639683,9941.318322673944,137.19016289273256,0
3.182097042491972,46.76387025357013,443.57719330197204,862.9496542745975,0
0.793001772612244,34.3001038405144,9938.001070744247,332.51276607153636,0
12.125396275020947,3.1398041889895465,365.5318643071334,959.6635644545261,1
13.758874956665723,47.114055892482725,104.01518461474632,317.2868108516931,0
14.2438736088366,42.11378250834134,4481.292643439581,995.4935248400081,0
14.207195761618843,19.354178870102597,6748.200325820409,975.0151711708638,0
4.76561826375828,17.358735274794437,9378.837159499302,791.9417354516124,0
3.7439145649380756,17.194158322249177,9163.584315301368,172.07740770017332,0
4.352790985175346,15.971399293315848,2420.5923656023406,800.0509520442865,0
14.004455238226061,33.59598362608391,7317.462174009964,490.51713309157293,0
12.979562014390364,33.50753556330192,8460.12860510151,743.9732277391454,0
2.0669966662870602,14.975883369836708,1714.2418042208715,796.8966302599623,0
13.425567136702035,16.228216603598657,3572.550215718406,527.8408287340422,0
9.246133213801055,39.51891591139613,9011.67285293563,194.00113627187648,0
5.5867227403053725,6.25285340140343,7742.368960472187,41.2550654873558,1
2.290290777092846,20.658899912857652,5947.369333121459,946.296161700973,0
12.499236406678435,30.067333055882553,369.98373509130005,493.25784409827065,0
14.2750384623422,35.82737795959753,3552.009652146948,859.970666368537,0
7.788713569686443,23.72129046404232,3555.3444688394297,779.6073997916446,0
14.202045970040894,7.572029133842903,5976.625366282203,990.3650646860826,1
3.2552192441467214,42.54929263800037,3709.491576069491,171.77706040472344,0
9.80896949664646,46.60763224821587,5814.054672210588,766.8368245887999,0
13.67999385429493,25.111782138421358,1974.2813970495804,942.9982702231042,0
7.247207846135904,18.33297420585879,4764.85403932537,923.2013645415261,0
11.516888981783696,44.65204089088856,1521.269032970858,110.79319850696648,0
14.813989259964652,31.315632120018503,3612.865728712522,32.28907007058772,0
5.1838420413243895,35.50546450581097,1568.1419978536435,787.6462483564211,0
8.83438131433775,27.829722146011278,8386.917684210819,589.1281601873184,0
5.606618319661971,40.73888971344453,6721.936865555922,327.0474726285636,0
14.464454234527105,35.14177261248714,6034.391043873142,454.4857988860693,0
3.5976982905942427,15.261044090774567,6001.3799120369495,391.99663630933935,0
12.201230894855131,46.7590890237768,2362.992472181926,161.84763266572855,0
0.5685954596535026,20.959555689222416,7136.978803608686,527.5998672311287,0
2.795404379491901,47.922325569824984,620.25378345102,402.0981364939176,0
6.2253170201732475,49.56835015883628,3930.464734629339,147.4769146950933,0
1.4305694896165069,1.7924763292335628,1594.9832055968309,199.80828361612598,1
4.360957548919119,32.40580480776447,2484.1126991261317,830.5779208124953,0
7.307616008618718,1.8865344938174635,9918.257098891027,884.4281702678857,1
1.3873042770684096,9.997969183769008,6028.94862231518,43.685762046438576,1
5.441867751882217,3.8998615561386325,6834.001178852431,728.9834858017894,1
11.28134047909692,7.909141455918548,2244.0453836470683,916.9703216984574,1
4.269397921085453,5.033103192143817,361.4958640350564,388.90439253489313,1
11.13348663005991,40.4261996864444,9362.055711660796,396.9104501131814,0
9.569445393246323,43.85705865598026,8854.797751288786,312.17601137953164,0
13.302127111892082,1.7140265729655533,6284.999398184172,235.5762646774884,1
11.830610676813913,29.870809033930936,9683.968307981535,233.24476172278463,0
1.803926273929946,19.38202555110229,1160.9608369369655,405.8937112768086,0
1.391598878585965,35.06930819351135,3912.9286552158637,476.0399975433683,0
8.899194846435607,13.467775374186644,1604.2708904064727,269.75943854768013,0
10.947086705470705,42.79772579277321,3190.9466684005874,794.1814280412171,0
2.0119197915656386,14.472284547711777,2954.7442794795274,507.5193765073636,0
7.278567387708553,40.087436398609114,8519.699180820411,17.714706637791807,0
2.8333113086635033,24.96597136092328,7341.982773916502,921.5290997166846,0
6.306043998061256,28.433570914845227,6319.018501337369,653.5688292982483,0
6.088563285882935,4.560705778679014,9615.06420373986,587.5321733688401,1
13.749660991193128,48.59928507926835,8440.998662172393,797.3254458883481,0
7.793130328120311,40.05147736495422,4254.419038530869,866.5413107403707,0
0.9697925842971509,19.191329489121355,7343.815209553918,585.9462127892926,0
11.797930067609006,17.355630075410875,1450.5279021503636,533.6899682753182,0
3.477992555631343,27.647609759931694,2545.2062574854103,41.651383859566074,0
6.011602367884969,8.481456007347072,9503.921208811707,555.7976915829801,1
10.848383848105769,2.363793706099828,753.1698101590954,124.26305572843414,1
14.895082357848528,20.770061318554664,5824.6766115479,563.5743778443065,0
3.4792108384432914,38.57949646425387,6593.552567544129,356.88908773089327,0
4.245893423416369,45.85726060094624,4897.980008799473,198.08062953594995,0
0.884418627724157,5.582561539963361,1079.7584088225149,591.8075299387503,1
5.64468150781604,5.458982833283535,4053.145077990034,414.868790875921,1
5.711346562006354,32.121123659408205,5856.6579867535,405.80441871895505,0
5.251025263525981,2.0043984354788753,666.6830756434131,304.56091539273376,1
1.1207195255610338,38.230462893969914,5191.575458980534,239.63092528524243,0
6.800485524549305,28.171525572307967,7791.423386796586,388.3290050317645,0
9.326295899397465,4.834969920038434,8749.604875855835,356.9321196262855,1
9.965539527597128,12.60593919285058,9451.533324719463,678.044512487641,0
7.246016372803468,47.284539196443085,6157.862916462186,451.68581426017494,0
8.009693581098503,37.04612117791553,9037.238165715149,231.684142979422,0
14.334104565674751,23.073053030324658,4458.746621900029,307.13686027144496,0
1.518838132638252,3.9730742447805305,4323.8524037403795,790.8872326145806,1
7.028777565069106,41.563739144430535,6641.714781057399,675.3612938103704,0
6.378501825074909,46.529979446977194,7771.7271535349255,291.0388592194242,0
8.765305697998562,39.901255844797895,9781.771569130238,985.1618166253364,0
8.095456082926901,34.83566550512694,1679.5979914830043,228.90267876021758,0
1.5669611510419261,25.5092756671149,9083.826483010806,919.5427723461117,0
14.566415221137335,41.921274267801024,1703.7701408070795,711.5769777037438,0
7.192784434883722,38.44937345014489,7924.934672713895,870.7987676664773,0
10.188661362997733,36.193136533669616,6692.404605205226,277.11592766110186,0
12.051116535643855,27.674370284407875,6010.992433670445,538.0500183290989,0
14.522848452683721,7.397696705065449,8587.52913238717,412.81392120860806,1
4.769752271534664,44.12840561534266,1347.9264729348934,926.4940191377885,0
1.940566193999449,29.07318664036735,5823.335664326391,144.76470328197087,0
13.598558748481173,27.908382415379368,7288.660979347078,247.80579680485454,0
3.033205055770519,13.045541048635256,7606.304738235766,783.919474865044,0
11.869160773986291,33.930031955606204,4007.116299163755,400.6135412879829,0
5.345251455257435,25.491795714847253,4975.1873621737805,558.1413227322706,0
4.668359534269436,46.87805966956505,7806.988875264197,446.80170203024585,0
13.821466835631105,8.017875133274806,6579.276770927673,186.61110862711038,1
6.528860855201626,9.700455509200587,5012.996440856299,118.4939435148927,1
10.429463920814053,11.483427941589234,8299.625190292176,166.30897814637177,0
6.06024526184211,6.087415580872575,1019.0260510028769,168.1869229250271,1
9.436137620007422,4.125140855488002,8687.090904388124,702.2408534762259,1
3.815629197357691,49.84116693210879,4212.89372091977,870.091230560565,0
9.363595562214407,3.7243772335764063,4073.2975731899837,285.80444668228847,1
2.3607534942329442,5.654837303106627,783.8405363576311,140.648395955468,1
14.565992596400617,8.992985755121367,6216.927214370304,908.8602716734156,1
9.947374705862929,43.663638805211825,3117.408297706001,959.3320363565037,0
12.767134187905766,36.96285515952539,5862.642711281913,279.8635456367503,0
5.389796840973547,33.07634695269709,6328.275344640309,773.6693316180499,0
13.282210162647868,11.783046366153679,5568.953056633651,71.73775036182714,0
2.9567246233798143,28.371976558467527,8765.748346281927,128.21477585170132,0
8.914370001929184,19.013623077673415,3411.9405221602124,550.3850325998151,0
3.9946595013343065,35.83174181361822,814.2834466933089,852.0807162457461,0
5.272949664932717,30.418651001899928,4948.228133795352,339.3035686148349,0
1.540768945617724,34.019345579182335,9711.948123007314,3.9529678375154687,0
6.812266617391523,8.706823474885198,7384.308819370554,776.8836314560605,1
1.9290036802361683,4.4018563036582785,2198.15915334221,105.31020326944392,1
13.66365651872948,16.203433174404587,4861.956106376407,144.22308361538353,0
10.472814797310729,43.30694060685943,3062.5821703104207,399.47035741000815,0
6.18226536576677,17.610340301348494,8122.061591603509,783.1821299613772,0
4.997429150195692,42.5120421975984,1772.0226865444736,170.39195103969212,0
11.022982820821934,27.344979699715022,7061.989637800953,347.5258106990967,0
3.915762204010857,36.942404442552736,2971.032972320636,51.46520500738736,0
5.454075010164691,17.028509104772382,305.3357547059022,962.2757044473576,0
7.49725810471392,37.97139601235221,6835.256649939765,771.2895311456338,0
2.8746972367154555,14.362532240099227,5671.3461918903795,46.58252952409542,0
11.819107366736445,10.068241505169233,6713.658323083482,61.46900652549753,0
0.8172366289236948,49.06642342733481,525.183738830836,641.7944870600002,0
2.931491423024922,17.615162536957815,1115.4659315913857,344.17256412007293,0
4.365914746571007,26.22603883544112,2462.4648143319882,530.4928304145348,0
5.980686872350778,10.634953362802083,1916.8762305212783,162.16444825323558,0
14.195698473522924,35.365293164878274,4908.410557514942,639.7346313750397,0
13.876705422455773,36.48146670531719,440.0826819114736,204.2713754483612,0
3.4316264595377453,15.141750267669451,7829.170368823944,197.41881343352279,0
0.5400205299056893,47.24882692227719,707.3398207951411,483.7733167231957,0
9.377625711493794,5.052042085700889,4864.107640267596,531.7087877988776,1
2.5099270223837635,41.13739040880976,183.57657393519702,606.4860655062403,0
4.894382606558418,3.6987997840012214,7814.144894185728,384.0173268371076,1
7.089374495244277,47.36236524954448,2472.152008591549,624.4639958140392,0
8.010953039958803,41.80916993108589,820.0508481547715,102.34337995932417,0
3.6154232701291997,37.74984736781467,3888.920003928043,373.7732302980358,0
4.971133622490277,46.30083909194976,8908.927437048742,828.5975844986795,0
12.806615481495475,22.530057799448105,2235.91263606941,575.8930221166738,0
10.358685325004187,47.75278582185616,8916.149348195217,336.9413903913365,0
6.600342411824529,19.128889616417073,114.14949389441304,619.838674056354,0
6.580499592111659,8.538581423362082,1302.9421063116552,897.2596204139967,1
8.000053226310369,39.19964840584394,5328.8255885268,29.250250444628737,0
14.805881148264369,38.693778624020986,8463.546853872207,513.7211957672639,0
11.568289651397103,37.80435022430819,4248.02856424666,443.74203518728393,0
8.943071448227435,41.39434896078965,3784.9045775074064,913.6490846853732,0
10.62039026716572,10.938038882159432,5052.50788225545,683.2246109588489,0
1.1189541899635906,26.351471509104123,5823.215247488943,264.2764694150629,0
8.470396767228213,42.77198781237406,5442.61769796375,372.6819609539251,0
2.3000840819690036,18.500095855234235,8635.421873280235,228.39588405818694,0
0.829986363578206,32.28036238450457,4475.002729201613,795.9098931830094,0
11.395072011592557,39.7737997717332,2105.974784076677,710.6170204443871,0
3.1057399727021973,9.379889593986078,530.9912078232194,745.147298104497,1
3.966348376017959,41.10436898038694,7457.423488814974,627.9855315134951,0
4.083473029610072,45.774251164594766,2805.207670608734,442.1935035686372,0
4.90283629317864,26.53011516262857,5563.966443028175,166.44221252589602,0
5.005282970391942,5.081771201352543,4792.048133160119,903.8946337215114,1
8.937998252026201,3.688355990218545,947.112362083182,580.1708198276492,1
3.7741398817192087,12.60038481402618,1568.215357706578,605.3553343195265,0
6.351011349135288,33.264554694663246,4180.607842931275,952.1552972850195,0
5.200688965674164,6.520299279749592,2536.6152606830988,275.28069223025017,1
11.69050414884981,31.892581025750232,7777.305549795834,444.56808809172173,0
5.440709821366483,20.639016782249115,3130.494029224815,257.36237974474983,0
6.237101146664467,43.92799248766222,4256.159420948508,801.677493856928,0
4.4683130802935995,46.96954549092183,6968.102383027133,327.23516272307836,0
13.221494104966316,36.58626517050429,4192.232210320617,942.9146291513425,0
14.209974947321335,35.64247760272728,4466.9180993773425,593.7808847343262,0
8.006940405797785,10.007839859001603,3360.242218480041,147.88281900988719,0
11.901270738370854,4.154795109870351,2270.361959737614,308.795175089307,1
1.4954958982729847,26.284853182652817,4746.796077886335,523.5985023486274,0
5.406887728990247,1.680762177497301,9594.053832753472,531.3407840506234,1
6.179707029467078,39.1993097397662,5099.3370329331,232.84273848146748,0
2.470103435225888,9.539320277910273,8222.012079178701,414.86964822725037,1
14.826050676508839,19.921688429518635,9325.468493191433,124.1301635423581,0
2.461319546821197,2.8388469156044667,1864.6772692240102,753.1560057980442,1
6.347728296471073,16.49645543491106,8028.439201378153,815.7706336211384,0
6.969561751100916,4.541901540742476,8265.674898403056,454.9192572540848,1
11.28476690737694,16.762881062279277,8639.037110099349,708.9223744911191,0
13.514134209481178,2.70161648653368,2778.5554833282226,45.73216751932114,1
8.98777618548855,24.097761608270343,8736.388738488598,685.3061320192702,0
2.202085286894953,11.412666936236203,3785.7492758714598,259.1780106217854,0
8.803569666825963,29.150127063739184,9913.79684923289,467.9635600018783,0
5.404228376928284,26.972458192161415,6260.226064577441,106.77575433398387,0
3.042204543407686,8.48542439175175,4294.362902695472,128.32662997691995,1
6.232869286591033,22.07286881979943,8348.133516817421,258.4487391949123,0
1.7675991888919207,15.426052121883075,6172.030953428545,378.6574082133076,0
3.1163888296745665,34.62073724934432,1316.964088579998,545.0365530691657,0
11.897761132969684,26.045726411821082,6037.569207984996,315.53345088365205,0
0.7711619364681132,24.04846574468138,7801.869467840283,57.45613674393972,0
1.5555403166493362,22.4992953755098,5299.230818057809,241.52263891517174,0
8.197922849196804,44.56463796988529,7324.33583626227,338.43266861601836,0
5.844524634704956,43.62314094376199,5483.771686211661,986.964391192992,0
5.327123082288485,48.255353667905155,8064.433187891832,664.737226183948,0
0.9966922056599112,14.36511023949099,5931.858185979368,655.1018584822274,0
1.3604375527681212,4.936787601247417,4617.785576742183,531.9705250675671,1
4.198774768780673,1.9346064038435355,2698.5538878336793,880.6549121017513,1
5.6440844409353605,40.05856187195482,8600.315145845652,390.9447912696836,0
1.5373561233435369,20.833031672681102,1408.0856760237662,204.4626383616375,0
8.331017343575898,11.557749213886662,1041.767997723838,873.2104069911132,0
9.606079617089932,8.209805561163531,7461.616706699595,678.6114292645091,1
10.986199052829697,14.07234985651239,6030.700741097203,444.71036396540893,0
10.64194019516788,20.87563882646105,4103.679361892416,287.02551452504713,0
9.215201946645612,37.98860889031758,2162.8086160705016,626.3440660183542,0
12.38000144604458,23.784945940030887,9967.259000282362,18.40072609136703,0
14.040297759682549,22.64748509368215,1297.752272310419,851.6433386350616,0
8.263400728535895,31.797925192433965,6938.888624805151,204.04081663890096,0
14.426932751353485,36.19325829334222,8854.742984216877,955.3928766220183,0
3.39454609390765,24.518951522640286,3286.864721397563,582.36179906093,0
13.813274739892297,15.3761338898816,8462.48275418865,784.0042494258804,0
11.63352084243019,43.812163583319055,1339.3045643090954,929.9620394105881,0
10.382332781935723,18.399241669115213,6467.698439708166,65.93472802566701,0
2.318699465597531,5.933761658780255,6363.897086820265,141.75810694763638,1
11.733228054064506,43.891019390132236,8101.698463277517,238.14051958549163,0
4.8801475541874355,31.46331612712629,4090.4555531162923,855.9970979046826,0
9.52787776259525,40.32395487285237,5555.096079935839,280.7983441781328,0
11.668763736390558,39.05491506204138,9954.96622333061,362.43329157221984,0
13.534279727111077,29.030020216515062,3644.3972210964566,521.5627946463962,0
13.45321758650512,46.080537087756014,2264.540964573257,985.0701677374346,0
4.430298529201151,10.467294931024172,1468.661799653744,427.1592496366895,0
8.82467020356388,7.28252089920997,2712.014410074793,30.742785419293778,1
12.080346948550742,3.7539358904852604,8611.19424124119,844.3394071470701,1
12.879196684457883,12.89498424079898,3133.4049381858267,52.835076679891586,0
4.233428900298762,27.268265212905046,3187.936164121928,50.5127419600931,0
3.0535592278808723,43.106971984259,2838.47200312365,771.5136250618971,0
0.9125878078245473,12.968496080057646,2386.004013758713,978.5900573014915,0
13.09513341286772,43.43600684001518,5067.7980854864145,28.02289326571801,0
9.944500123106922,42.555142189240485,1937.631139113669,698.8985515307918,0
9.972313651873028,43.53240747802746,7371.135538255356,382.8822245213549,0
8.363929214548309,5.791596270552964,9562.790992367258,178.3981880272811,1
14.799230579010596,4.72769325190149,2357.709763141895,981.2930017713132,1
13.949221830551041,48.82366146168481,1303.371514665991,430.7862295199334,0
8.786073533552507,24.955756412698374,9643.133321958972,993.6271594652095,0
8.67785548569997,22.60375050583184,3178.0319544874146,563.1429539221458,0
6.753328484707227,45.83433770604904,3642.2450998211816,867.5621275213217,0
5.3244032753984065,13.828649392057594,4079.5014762467786,334.9138400619436,0
4.12218662496322,5.6977915507246335,6308.584227067108,982.9280867806589,1
12.082435367668975,19.06883141208548,5084.925557744731,447.9112974983787,0
10.073837507438812,37.31822978051025,669.5313945696076,788.0702357452441,0
